{"cameraMode":{"drawMode":0,"name":"Shaded","section":"Shading Mode"},"sceneLighting":true,"audioPlay":false,"sceneViewState":{"showFog":true,"showMaterialUpdate":false,"showSkybox":true,"showFlares":true,"showImageEffects":true,"showParticleSystems":true},"in2DMode":false,"pivot":{"x":-0.8062518835067749,"y":0.4840240478515625,"z":0.9731107950210571},"rotation":{"x":0.26123470067977908,"y":-0.19467945396900178,"z":0.05387968569993973,"w":0.9439032673835754},"size":3.39650559425354,"orthographic":false}