{"cameraMode":{"drawMode":0,"name":"Shaded","section":"Shading Mode"},"sceneLighting":false,"audioPlay":false,"sceneViewState":{"showFog":true,"showMaterialUpdate":false,"showSkybox":true,"showFlares":true,"showImageEffects":true,"showParticleSystems":true},"in2DMode":false,"pivot":{"x":0.020289938896894456,"y":0.0021193474531173708,"z":0.0028130561113357546},"rotation":{"x":0.2004420906305313,"y":-0.21633729338645936,"z":0.04543324559926987,"w":0.9544406533241272},"size":-0.14211589097976685,"orthographic":false}