{"cameraMode":{"drawMode":0,"name":"Shaded","section":"Shading Mode"},"sceneLighting":false,"audioPlay":false,"sceneViewState":{"showFog":true,"showMaterialUpdate":false,"showSkybox":true,"showFlares":true,"showImageEffects":true,"showParticleSystems":true},"in2DMode":false,"pivot":{"x":0.628000020980835,"y":1.1241743564605713,"z":0.9900000095367432},"rotation":{"x":-0.1122373640537262,"y":0.12633907794952393,"z":-0.014388224110007286,"w":-0.9855121374130249},"size":1.298907995223999,"orthographic":false}