{"cameraMode":{"drawMode":0,"name":"Shaded","section":"Shading Mode"},"sceneLighting":false,"audioPlay":false,"sceneViewState":{"showFog":true,"showMaterialUpdate":false,"showSkybox":true,"showFlares":true,"showImageEffects":true,"showParticleSystems":true},"in2DMode":false,"pivot":{"x":0.07275000214576721,"y":1.0534999370574952,"z":-0.40000009536743166},"rotation":{"x":-0.1122373640537262,"y":0.12633907794952393,"z":-0.014388224110007286,"w":-0.9855121374130249},"size":0.47167861461639407,"orthographic":false}