{"cameraMode":{"drawMode":0,"name":"Shaded","section":"Shading Mode"},"sceneLighting":false,"audioPlay":false,"sceneViewState":{"showFog":true,"showMaterialUpdate":false,"showSkybox":true,"showFlares":true,"showImageEffects":true,"showParticleSystems":true},"in2DMode":false,"pivot":{"x":3.3638339042663576,"y":1.1000510454177857,"z":4.368930816650391},"rotation":{"x":-0.0052178422920405869,"y":-0.2565927803516388,"z":0.0013854329008609057,"w":-0.9665045738220215},"size":0.6479672193527222,"orthographic":false}