{"cameraMode":{"drawMode":0,"name":"Shaded","section":"Shading Mode"},"sceneLighting":false,"audioPlay":false,"sceneViewState":{"showFog":true,"showMaterialUpdate":false,"showSkybox":true,"showFlares":true,"showImageEffects":true,"showParticleSystems":true},"in2DMode":false,"pivot":{"x":0.0003752708435058594,"y":0.7599999904632568,"z":4.510000228881836},"rotation":{"x":0.2057405412197113,"y":0.5334689617156982,"z":-0.13565103709697724,"w":0.8091233968734741},"size":12.804044723510743,"orthographic":true}