{"cameraMode":{"drawMode":0,"name":"Shaded","section":"Shading Mode"},"sceneLighting":false,"audioPlay":false,"sceneViewState":{"showFog":true,"showMaterialUpdate":false,"showSkybox":true,"showFlares":true,"showImageEffects":true,"showParticleSystems":true},"in2DMode":false,"pivot":{"x":-0.1448109745979309,"y":0.002505183219909668,"z":-0.0758974552154541},"rotation":{"x":0.2004420906305313,"y":-0.21633729338645936,"z":0.04543324559926987,"w":0.9544406533241272},"size":4.657884120941162,"orthographic":false}